NAME,ADDRESS,EMAIL,DATE,PHONE,IP
Kaan Görmer,531 First Ave 01382 Jolienland,Jolien_Hoppe@yahoo.com,15.07.16,(05844) 9326477,122.147.12.99
Allegra Leipold,814 Tamia Port 60222 Ost Thomasscheid,Jasper_Stratmann18@yahoo.com,20.12.2016,+49-8616-04365158,147.87.184.93
Sam Boruschewski,738 First street 55821 Süd Zara,Luana58@hotmail.com,20.04.16,(0969) 799800393,20.6.166.34
Lea Strohschank,582 Rumpf Pine 96140 Fahnerscheid,Jano_Agostini8@gmail.com,01.07.2016,+49-3019-68676707,52.52.143.21
Markus Behrenbruch,95 Odin Prairie 50623 Friedastadt,Aileen_Dittmer24@yahoo.com,02.10.16,+490758087097,223.146.114.231
Amanda Dahmen,883 Ahrenberg Corner 29406 Hoffmanndorf,Josy_Tuch@gmail.com,29.03.2016,+49-800-5021486,65.160.141.230
Sina Böttner Jr.,554 Scholz Hollow 87355 Corascheid,Yasin.Dreier@gmail.com,08.01.17,+49668141831425,60.37.250.95
Joris Beck,319 Zwiener Mountain 01508 Alt Emilio,Christoph.Roba@hotmail.com,16.02.2017,(0507) 758695156,29.133.158.185
Alessio Orthmann,358 Geissler Turnpike 31793 Heydemüllerscheid,Ruben83@hotmail.com,19.10.16,(0377) 086574907,64.198.218.80
Alex Klapper,115 Mathilde Ridge 94459 Alt Amalia,Paulina20@gmail.com,01.10.2016,+49-839-8960168,159.194.231.2
Yvonne Kern,538 Marta Stream 36694 Neu Fatma,Gregor.Schley@yahoo.com,21.07.16,(0480) 509241077,58.64.144.149
Livia Malek,382 Assmus Tunnel 87643 Lisadorf,Jan2@hotmail.com,10.08.2016,+49-396-1157463,142.79.79.154
Jon Stoutjesdijk,757 First street 74289 Bad Jayland,Torben12@gmail.com,04.04.16,+49767931436779,134.198.166.0
Ana Schlicht,982 Riccardo Knolls 78031 Neu Chiara,Svea_Pichlmaier9@gmail.com,13.07.2016,(0735) 664497714,32.224.29.214
Summer Pfeiffer,926 Herschmann Rest 99822 Alexadorf,Ilayda83@yahoo.com,07.11.16,(04561) 6872537,107.7.189.99
Marina Kowalick,460 Katrin Turnpike 79183 Bad Ylvieburg,Lenny.Oschkenat@yahoo.com,10.10.2016,+49-137-8719943,102.158.106.173
Marian Herberger,186 Ryjikh Drive 73573 West Jonahland,Ina_Geiger81@hotmail.com,11.01.17,(08804) 3799072,139.197.178.180
Riccardo Preuk,81 1st Street 91057 Nelaland,Felix_Zimmermann@yahoo.com,30.06.2016,(0309) 140580862,112.215.68.134
Luzie Bieler,431 1st street 77662 Nord Dorothea,Ismael_Weniger@yahoo.com,12.05.16,+499587723640,12.110.188.122
Anne Rossler DDS,679 David Flats 67500 Panzigburg,Ege64@yahoo.com,16.06.2016,+49-923-1870745,58.248.38.42
Ylvi Schumacher PhD,796 Davide Lakes 58037 Gildestadt,Amir_Walther@gmail.com,30.11.16,(0494) 652410767,92.88.72.178
Rocco Renk,791 Karim Freeway 40580 Pitburg,Dana90@gmail.com,08.12.2016,+49-549-6369823,153.56.133.152
Prof. Dr. Kerem Dengler,253 First street 17845 Mertensburg,Evelina.Herweg81@gmail.com,04.12.16,+499072221386,108.162.47.85
Carlotta Oberem,491 Bichler Bridge 12061 Veitscheid,Yasmin83@hotmail.com,28.05.2016,+49-7452-13015335,200.6.211.2
Franz Herrmann,492 First street 85662 Zeynepdorf,Janek_Bielert@gmail.com,26.02.17,+496147771384,2.190.67.164
Eva Pietsch,713 Adam Roads 47760 Nord Ilayda,Fabrice61@yahoo.com,11.04.2016,+49-5987-66800546,203.191.45.76
Dr. Johanna Tang,547 Nikita Green 08841 Süd Leah,Julian_Anding95@yahoo.com,24.07.16,+49925537461141,41.131.224.82
Bilal Stürmer Sr.,483 Judy Rapid 06295 West Alessa,Angela_Wischek44@hotmail.com,20.06.2016,+49-3823-44260136,139.19.119.27
Prof. Dr. Nancy Gromisch,373 Bornscheuer Island 81814 Nord Lillyland,Tamina.Loska@yahoo.com,29.08.16,(0069) 320400666,200.244.119.19
Umut Schwatlo,796 Hessek Spur 51411 Zipseland,Marcus.Fahner@hotmail.com,21.05.2016,+49-979-7558775,61.124.253.54
Tammo Delonge,427 Banse Mission 32182 Ceydaburg,Andrew.Buchrucker@gmail.com,03.07.16,(04852) 1073821,85.120.28.76
Nicolas Greger,608 1st Street 22090 Neu Julianland,Niels.Grner@hotmail.com,04.09.2016,+49-3966-31461785,151.215.57.59
Tomke Bruhns,681 Stenzel Camp 12185 Knutstadt,Tim_Wachenbrunner@yahoo.com,09.06.16,+494897577031,245.172.249.227
Tessa Kleinsteuber,887 First Street 90942 Alt Klemens,Rocco.Kosenkow@hotmail.com,04.02.2017,(0140) 332001504,151.161.21.84
Jule Wagner Jr.,116 Heinze Cape 37434 Viellehnerburg,Marlene_Ruch@hotmail.com,18.02.17,+49487974666563,152.222.164.84
Joelina Gangnus,733 Achilles Freeway 30702 Nord Justinedorf,Boris_Herrmann@gmail.com,06.08.2016,+49-5826-30685080,75.162.38.228
Lucy Kreutz,506 Joey Center 04759 Mariellaland,Madeleine36@hotmail.com,27.11.16,(05818) 1369488,131.227.116.179
Tanja Mohr Sr.,81 Luc Valley 31858 Süd Kiarascheid,Nico37@hotmail.com,09.09.2016,(0277) 392007404,151.182.184.126
Michaela Köseoglu,320 1st Street 19865 Hanniskestadt,Madeleine_Khnel29@yahoo.com,04.11.16,+49724377616304,47.177.151.62
Frederic Kohle,848 Rossberg Spur 02108 West Elaineland,Ecrin_Amberg@hotmail.com,26.02.2017,+49-891-3147990,180.52.64.51
Malia Pflügner,265 Dorian Ferry 51107 Roggatzburg,Betty10@hotmail.com,30.11.16,+498575541711,84.123.61.225
Arthur Bielert Sr.,870 Kloss Skyway 08660 Süd Leastadt,Abdullah.Schumann88@hotmail.com,27.12.2016,+49-9359-25973295,55.102.140.173
Aileen Stöppler,95 Janek Isle 48945 Jonaburg,Jano_Frenzel12@gmail.com,10.10.16,(00365) 2557628,130.171.13.174
Ariane Huls,58 Filip Garden 60970 Göhlerland,Lennox.Baarck@gmail.com,09.10.2016,+49-2963-83988906,204.224.84.9
Prof. Dr. Constantin Feld,996 Lana Curve 16230 Neu Konstantinstadt,Elia36@yahoo.com,16.08.16,+49622217673043,147.138.2.166
Dr. Linda Jacob,91 Onnen Skyway 57338 Rangenscheid,Malik_Hugo@gmail.com,10.08.2016,(0657) 812470632,206.220.138.215
Jeremias Beckel,57 Tayler Canyon 58412 Burghagenscheid,Jannik92@gmail.com,28.04.16,(0848) 439997017,238.232.233.99
Giada Reinberg,357 1st street 90835 Ost Levin,Keno_Allgeyer98@gmail.com,03.02.2017,(0359) 335043434,216.214.201.56
Logan Spielvogel,709 Mieke Vista 59120 Nord Mayaburg,Michelle50@hotmail.com,10.03.17,+498968169779,181.1.255.185
Sophie Kraft,552 Leni Gateway 22283 Volkstadt,Ylvie_Schwarzkopf@hotmail.com,15.09.2016,(07146) 0726637,136.112.104.251
